{"cameraMode":{"drawMode":0,"name":"Shaded","section":"Shading Mode"},"sceneLighting":true,"audioPlay":false,"sceneViewState":{"showFog":true,"showMaterialUpdate":false,"showSkybox":true,"showFlares":true,"showImageEffects":true,"showParticleSystems":true},"in2DMode":false,"pivot":{"x":-1.5714236497879029,"y":1.9021530151367188,"z":-14.243453979492188},"rotation":{"x":0.00994405522942543,"y":0.05865916237235069,"z":-0.0005155040416866541,"w":0.9982805252075195},"size":9.010530471801758,"orthographic":false}